Category,Name,username
Countries,USA gov,USAGov
Countries,United States gov,VP
Countries,Japan gov,JapanGov
Countries,India gov,DataPortalIndia
Countries,United Kingdom gov,Catalonia_UK
Countries,Brazil gov,CulturaGovBr
Countries,Turkey gov,ekapi
Countries,Saudi Arabia gov,SECNAV75
Countries,Mexico gov,GovMLG
Countries,Philippines gov,ijm_ph
Countries,Germany gov,ScotGovGermany
Countries,Canada gov,GovCanHealth
Countries,Nigeria gov,NigeriaGov
Countries,Kenya gov,joelenku
Countries,Vietnam gov,GovRidge
Countries,Pakistan gov,MaritimeGovPK
Countries,Vénézuela gov,GoodWillResale
Countries,France,gouvernementFR
Countries,Ukraine,Ukraine
Countries,Argentina gov,Ar_Unida
Countries,Colombia gov,BCGovNews
Countries,South Africa gov,GautengProvince
Countries,Russia gov,RSGovUK
Countries,Afghanistan gov,AusMissionAF
Presidents,Joe Biden,JoeBiden
Presidents,Macron,MacronSports
Presidents,Barack Obama,BarackObama
Presidents,Vladimir Poutine,KremlinRussia_E
Presidents,Recep Tayyip Erdogan,RTErdogan
Presidents,Angela Merkel,Plaid_Merkel
Presidents,Theresa May,theresa_may
Presidents,Boris Johnson,BorisJohnson
Presidents,Xi Jinping,zaikandongxi
Presidents,Shinzo Abe,AbeShinzo
Presidents,Ram Nath Kovind,Plaid_Kovind
Presidents,Jair Bolsonaro,Plaid_Bolsonaro
Presidents,Joko Widodo,jokowi
Presidents,Mohammed ben Salmane,KingSalman
Presidents,Andrés Manuel López Obrador,Plaid_Obrador
Presidents,Rodrigo Duterte,RRD_Davao
Presidents,Pedro Sánchez,sanchezcastejon
Presidents,Frank-Walter Steinmeier,ChefSteinmeier
Presidents,Justin Trudeau,JustinTrudeau
Presidents,Muhammadu Buhari,MBuhari
Presidents,Uhuru Kenyatta,KanzeDena
Presidents,Arif Alvi,ArifAlvi
Presidents,Juan Guaido,jguaido
President, Volodymyr Zelensky, ZelenskyyUa
Presidents,Faure Gnassingbé,FEGnassingbe
Presidents,Alberto Fernández,alferdez
Presidents,Iván Duque Márquez,IvanDuque
Presidents,Cyril Ramaphosa,CyrilRamaphosa
Presidents,Nana Akufo-Addo,NAkufoAddo
Presidents,Samia Suluhu Hassan,TeamSuluhuSamia
Presidents,Ashraf Ghani,ashrafghani
Political figures,Franck Riester,franckriester
Political figures,Jean-Baptiste Lemoyne,JBLemoyne
Political figures,Clément Beaune,CBeaune
Political figures,Barbara Pompili,barbarapompili
Political figures,Emmanuelle Wargon,EmmWargon
Political figures,Jean-Baptiste Djebbari,Djebbari_JB
Political figures,Bérangère Abba,b_abba
Political figures,Jean-Michel Blanquer,jmblanquer
Political figures,Roxana Maracineanu,RoxaMaracineanu
Political figures,Nathalie Élimas,avyelimas
Political figures,Sarah El Haïry,sarahelhairy
Political figures,Bruno Le Maire,BrunoLeMaire
Political figures,Olivier Dussopt,olivierdussopt
Political figures,Agnès Pannier-Runacher,AgnesRunacher
Political figures,Cédric O,CedEntertainer
Political figures,Olivia Grégoire,oliviagregoire
Political figures,Florence Parly,florence_parly
Political figures,Geneviève Darrieussecq,gdarrieussecq
Political figures,Gérald Darmanin,GDarmanin
Political figures,Marlène Schiappa,MarleneSchiappa
Political figures,Élisabeth Borne,Elisabeth_Borne
Political figures,Brigitte Klinkert,KlinkertBrigitt
Political figures,Laurent Pietraszewski,pietraszewski_l
Political figures,Sébastien Lecornu,SebLecornu
Political figures,Jacqueline Gourault,j_gourault
Political figures,Nadia Hai,NadiaHAI78
Political figures,Joël Giraud,JoelGiraud05
Political figures,Éric Dupond-Moretti,E_DupondM
Political figures,Roselyne Bachelot,R_Bachelot
Political figures,Olivier Véran,olivierveran
Political figures,Brigitte Bourguignon,BrigBourguignon
Political figures,Adrien Taquet,AdrienTaquet
Political figures,Annick Girardin,AnnickGirardin
Political figures,Frédérique Vidal,VidalFrederique
Political figures,Julien Denormandie,J_Denormandie
Political figures,Amélie de Montchalin,AdeMontchalin
Political figures,FrancoisFillon,FrancoisFillon
Political figures,CecileDuflot,CecileDuflot
Political figures,ChTaubira,ChTaubira
Political figures,EPhilippe_LH,pybournazel
Political figures,partisocialiste,partisocialiste
Political figures,f_philippot,f_philippot
Political figures,manuelvalls,manuelvalls
Political figures,vpecresse,vpecresse
Journalists / Media,CNN Breaking News,cnnbrk
Journalists / Media,Sky,SkyUK
Journalists / Media,BBC,BBC
Journalists / Media,NBC,nbc
Journalists / Media,CBS,CBS
Journalists / Media,ABC,ABC
Journalists / Media,Fox,FOXTV
Journalists / Media,The CW,TheCW
Journalists / Media,Bloomberg,Bloomberg
Journalists / Media,Bloomberg Economics,economics
Journalists / Media,MITEcon,MITEcon
Journalists / Media,JPubEcon,JPubEcon
Journalists / Media,LSEnews,LSEnews
Journalists / Media,EricMorath,EricMorath
Journalists / Media,EP_Economics,EP_Economics
Journalists / Media,PIIE,PIIE
Journalists / Media,PSEinfo,PSEinfo
Journalists / Media,WSJecon,WSJecon
Journalists / Media,NEF,NEF
Journalists / Media,economics_ma,economics_ma
Journalists / Media,wu_vienna,wu_vienna
Journalists / Media,PrincetonEcon,PrincetonEcon
Journalists / Media,ING_economics,ING_Economics
Journalists / Media,YahooFinance,YahooFinance
Journalists / Media,FinMinIndia,FinMinIndia
Journalists / Media,FinMinNigeria,FinMinNigeria
Journalists / Media,BBCBusiness,BBCBusiness
Journalists / Media,DOF_PH,DOF_PH
Journalists / Media,MOFKSA,MOFKSA
Journalists / Media,JofFinance,JofFinance
Journalists / Media,IFC_org,IFC_org
Journalists / Media,Onfinance,ONfinance
Journalists / Media,business,business
Journalists / Media,BloombergTV,BloombergTV
Journalists / Media,MikeBloomberg,MikeBloomberg
Journalists / Media,BloombergUK,BloombergUK
Journalists / Media,Quicktake,Quicktake
Journalists / Media,BGOV,BGOV
Journalists / Media,Blaw,BLaw
Journalists / Media,bpolitics,bpolitics
Journalists / Media,BW,BW
Journalists / Media,bopinion,bopinion
Journalists / Media,markets,markets
Journalists / Media,brutofficiel,brutofficiel
Journalists / Media,Le_Figaro,Le_Figaro
Journalists / Media,MonsieurDream,MonsieurDream
Journalists / Media,BFMParis,BFMParis
Journalists / Media,le_Parisien,le_Parisien
Journalists / Media,Mediavenir,MediavenirPress
Journalists / Media,LesEchos,LesEchos
Journalists / Media,franceinter,franceinter
Journalists / Media,Qofficiel,Qofficiel
Journalists / Media,canardenchaine,canardenchaine
Journalists / Media,lobs,lobs
Journalists / Media,afpfr,afpfr
Journalists / Media,lemondefr,lemondefr
Journalists / Media,libe,libe
Journalists / Media,renaudpila,renaudpila
Famous founders,Elon Musk,elonmusk
Famous founders,Jeff Bezos,JeffBezos
Famous founders,Daniel Ek,eldsjal
Famous founders,Mark Zuckerberg,ZuckerbergMemes
Famous founders,Brian Chesky,bchesky
Famous founders,Katrina Lake,kmlake
Famous founders,Travis Kalanick,travisk
Famous founders,Jack Dorsey,jack
Famous founders,Bill Gates,BillGates
Famous founders,Peter Thiel,thielfellowship
Famous founders,Angela Ahrendts,AngelaAhrendts
Famous founders,Bernard Arnaud,ONRAbeats
Famous founders,Barbara Corcoran,BarbaraCorcoran
Famous founders,Alice Walton,TheCityMaven
Famous founders,Tim Cook,tim_cook
Famous founders,Sundar Pichai,sundarpichai
Famous founders,Larry Page,LarryFoote313
Famous founders,Susan Wojcicki,SusanWojcicki
Famous founders,Donald Trump,DonaldJTrumpJr
Famous founders,Pierre Hermé,PierreHerme
Famous founders,Jean Nouvel,ateliersjnouvel
Famous founders,Xavier Niel,Xavier75
Famous founders,Aurélie Bidermann,ABidermann
Famous founders,DujunX,DujunX
Famous founders,saylor,saylor
Famous founders,richardbranson,richardbranson
Famous founders,jattali,jattali
Famous founders,jeffweiner,jeffweiner
Famous founders,marissamayer,marissamayer
Artists/Personnalities,Justin Bieber,justinbieber
Artists/Personnalities,Katy Perry,katyperry
Artists/Personnalities,Rihanna,rihanna
Artists/Personnalities,Taylor Swift,taylorswift13
Artists/Personnalities,Ariana Grande,ArianaToday
Artists/Personnalities,Lady Gaga,ladygaga
Artists/Personnalities,Ellen DeGeneres,TheEllenShow
Artists/Personnalities,Narendra Modi,narendramodi
Artists/Personnalities,Kim Kardashian West,KimKardashian
Artists/Personnalities,Selena Gomez,selenagomez
Artists/Personnalities,Justin Timberlake,jtimberlake
Artists/Personnalities,Britney Spears,britneyspears
Artists/Personnalities,Demi Lovato,ddlovato
Artists/Personnalities,Nyjah Huston,nyjah
Artists/Personnalities,Gary Neville,GNev2
Artists/Personnalities,Seb_Frit,Seb_Frit
Artists/Personnalities,idrissaberkane,idrissaberkane
Artists/Personnalities,JoycaOff,JoycaOff
Cryto Influencer,Vitalik Buterin,VitalikButerin
Cryto Influencer,Roger Ver,rogerkver
Cryto Influencer,Andreas Antonopoulos,aantonop
Cryto Influencer,Tim Draper,TimDraper
Cryto Influencer,Charlie Lee,SatoshiLite
Cryto Influencer,Anthony Pompliano,PompBot
Cryto Influencer,Erik Voorhees,ErikVoorhees
Cryto Influencer,Tone Vays,ToneVays
Cryto Influencer,John McAfee,officialmcafee
Cryto Influencer,Ivan on Tech,IvanOnTech
Cryto Influencer,Dan Held ,danheld
Cryto Influencer,Layah Heilpern,LayahHeilpern
Cryto Influencer,Kenn Bosak,KennethBosak
Cryto Influencer,Ben Horowitz,bhorowitz
Cryto Influencer,Ben Armstrong,Bitboy_Crypto
Cryto Influencer,Adam Back,adam3us
Cryto Influencer,Amber Baldet,AmberBaldet
Cryto Influencer,Ameer Rosic,AmeerRosic
Cryto Influencer,Arcane Bear,arcanebear
Cryto Influencer,Ari Paul,AriDavidPaul
Cryto Influencer,Bad Crypto Podcast,badcryptopod
Cryto Influencer,Barry Silbert,BarrySilbert
Cryto Influencer,Bitcoin Podcast Network,thebtcpodcast
Cryto Influencer,Blockchain Insider,bchaininsider
Cryto Influencer,Brendan Eich,BrendanEich
Cryto Influencer,Brian Armstrong,brian_armstrong
Cryto Influencer,Cameron Winklevoss,cameron
Cryto Influencer,Charles Hoskinson,IOHK_Charles
Cryto Influencer,Charlie Shrem,CharlieShrem
Cryto Influencer,Chris Burniske,cburniske
Cryto Influencer,Chris Dixon,chrismd10
Cryto Influencer,Chris Dunn ,ArizonaWeather
Cryto Influencer,Chris Herd,chris_herd
Cryto Influencer,Crypto 101,CryptoExpert101
Cryto Influencer,Crypto bobby,crypto_bobby
Cryto Influencer,Crypto Daily,Crypto_Daily
Cryto Influencer,Crypto Investor,CollectorNft
Cryto Influencer,Crypto Love,TheCryptoLove
Cryto Influencer,Crypto Oracle,Crypto___Oracle
Cryto Influencer,Crypto Tips,CRYPTOTIPSKING1
Cryto Influencer,CryptoBud,bud_crypto
Cryto Influencer,Dan Morehead,dan_pantera
Cryto Influencer,Daniel Jeffries,Dan_Jeffries1
Cryto Influencer,Daniel Larimer,bytemaster7
Cryto Influencer,Dave Balter,DaveBalter
Cryto Influencer,David Gilbertson,CoachGilbertson
Cryto Influencer,Decentralized TV,NewBatCity
Cryto Influencer,Don Tapscott,dtapscott
Cryto Influencer,Doug Polk,DougPolkVids
Cryto Influencer,Dr. Julian Hosp,julianhosp
Cryto Influencer,Elizabeth Stark,starkness
Cryto Influencer,Epicenter,epicentergg
Cryto Influencer,Fred Ehrsam,FEhrsam
Cryto Influencer,Garry Tan,garrytan
Cryto Influencer,Gavin Andresen,gavinandresen
Cryto Influencer,Ian Balina,DiaryofaMadeMan
Cryto Influencer,ICO Alert,icoalert
Cryto Influencer,Jack Morse,jmorse_
Cryto Influencer,Jeff Kauflin,JeffKauflin
Cryto Influencer,Jesse Walden,jessewldn
Cryto Influencer,Jimmy Song,jimmysong
Cryto Influencer,Joseph Lubin,ethereumJoseph
Cryto Influencer,Joseph Young,iamjosephyoung
Cryto Influencer,Kathryn Haun,katie_haun
Cryto Influencer,Laura Shin,laurashin
Cryto Influencer,Lily Katz,LilyKatz
Cryto Influencer,Linda Xie,ljxie
Cryto Influencer,Lou Kerner,loukerner
Cryto Influencer,Louis Thomas,JustinThomas34
Cryto Influencer,Matthew Walsh,MattWalshBlog
Cryto Influencer,Meltem Demirors,Melt_Dem
Cryto Influencer,Michael Novogratz,novogratz
Cryto Influencer,Nathaniel Popper,nathanielpopper
Cryto Influencer,Neha Narula,neha
Cryto Influencer,Nicholas Merten,Nicholas_Merten
Cryto Influencer,Nick Szabo,NickSzabo4
Cryto Influencer,Omar Bham,crypt0snews
Cryto Influencer,Paul Vigna,paulvigna
Cryto Influencer,Pieter Wuille,pwuille
Cryto Influencer,Rachel Wolfson,wolfiecomedy
Cryto Influencer,Ran Neuner,cryptomanran
Cryto Influencer,Richard Heart,RichardHeartWin
Cryto Influencer,Sarah Hodges,hodges
Cryto Influencer,Suppoman,MichaelSuppo
Cryto Influencer,The Chart Guys,ChartGuys
Cryto Influencer,The Crypto Lark,TheCryptoLark
Cryto Influencer,Thomas Hunt,tomhunt1988
Cryto Influencer,Tyler Winklevoss,tyler
Cryto Influencer,Vinny Lingham,VinnyLingham
Cryto Influencer,PlanB,100trillionUSD
Cryto Influencer,Luciano,LuchoAcosta94
Cryto Influencer,Dan Held,danheld
Cryto Influencer,CryptoBro,AnbroNFT
Cryto Influencer,Robert Dobbs,iamrobertdobbs
Cryto Influencer,Beniamin Mincu,beniaminmincu
Cryto Influencer,Peter Schiff,PeterSchiff
Cryto Influencer,Lark Davis,TheCryptoLark
Cryto Influencer,Rekt Capital,rektcapital
Cryto Influencer,XRP Bro,giveaway_zeus
Cryto Influencer,David Gokhshtein,davidgokhshtein
Cryto Influencer,Mario,OHYESMARIO
Cryto Influencer,TheCryptoDog,TheCryptoDog
Cryto Influencer,TheMoon,themoon
Cryto Influencer,Anthony Scaramucci,Scaramucci
Cryto Influencer,Matt Wallace,mattsjwallace
Cryto Influencer,Willy Woo,woonomic
Cryto Influencer,Will Clemente,WClementeIII
Cryto Influencer,Dan Gambardello,cryptorecruitr
Cryto Influencer,Alex Becker,ZssBecker
Cryto Influencer,The Wolf of All Streets,scottmelker
Cryto Influencer,Ash WSB,ashwsbreal
Cryto Influencer,Benjamin Cowen,intocryptoverse
Cryto Influencer,Johnny (cryptogodjohn),CryptoGodJohn
Cryto Influencer,Girl Gone Crypto,girlgone_crypto
Cryto Influencer,Pentosh1,Pentosh1
Cryto Influencer,Crypto Ape,RealMoneyApe
Cryto Influencer,Itsallrisky,itsALLrisky
Cryto Influencer,Aleksandra Huk,HukAleksandra
Cryto Influencer,roham,roham
Institutions & Banques,BCE,Bell_News
Institutions & Banques,FED,Fedmyster
Institutions & Banques,FMI,FMI_ORG
Institutions & Banques,CIRDI Centre international pour le règlement des différends relatifs aux investissements,icsid
 Institutions & Banques,AMGI Agence multilatérale de garantie des investissements,MIGA
Institutions & Banques,BERD Banque européenne pour la reconstruction et le développement,EBRD
Institutions & Banques,BOAD Banque ouest-africaine de développement,boad_official
Institutions & Banques,BCE Banque centrale européenne,Lagarde
Institutions & Banques,BEI Banque européenne d'investissement,EIB
Institutions & Banques,State Street,StateStreet
Institutions & Banques,Bank of America,BankofAmerica
Institutions & Banques,Chicago Fed,ChicagoFed
Institutions & Banques,philadelphiafed,philadelphiafed
Institutions & Banques,DallasFed,DallasFed
Institutions & Banques,AtlantaFed,AtlantaFed
Institutions & Banques,BostonFed,BostonFed
Institutions & Banques,MinneapolisFed,MinneapolisFed
Institutions & Banques,SF Fed,sffed
Institutions & Banques,ClevelandFed,ClevelandFed
Institutions & Banques,RichmondFed,RichmondFed
Institutions & Banques,NewYorkFed,NewYorkFed
Institutions & Banques,KansasCityFed,KansasCityFed
Institutions & Banques,AMF,AMF_actu
Institutions & Banques,Banque islamique de développement,isdb_group
Institutions & Banques,BNP Paribas,BNPPARIBASOPEN
Institutions & Banques,Credit mutuel,CreditMutuel
Institutions & Banques,JPMorgan Chase,jpmorgan
Institutions & Banques,Mitsubishi UFJ Financial Group,MUFGAmericas
Institutions & Banques,HSBC,HSBC
Institutions & Banques,Crédit Agricole,CreditAgricole
Institutions & Banques,Citigroup,Citi
Institutions & Banques,Japan Post Bank,jpbank_official
Institutions & Banques,Wells Fargo & Co.,WellsFargo
Institutions & Banques,Banko Santander,santanderuk
Institutions & Banques,Societe Generale,SocieteGenerale
Institutions & Banques,Groupe BPCE,GroupeBPCE
Institutions & Banques,Deutsche Bank,DeutscheBank
Institutions & Banques,U.S. Securities and Exchange Commission,SECGov
Institutions & Banques,Goldman Sachs,GoldmanSachs
Institutions & Banques,Natixis,natixis
Institutions & Banques,Interieur_Gouv,Interieur_Gouv
Institutions & Banques,Elysee,Elysee
Gestionnaires d'actifs,BlackRock,BlackRock
Gestionnaires d'actifs,Vanguard Group,Vanguard_Group
Gestionnaires d'actifs,Fidelity Investments,Fidelity
Gestionnaires d'actifs,Allianz Group,Allianz
Gestionnaires d'actifs,J.P. Morgan Chase,jpmorgan
Gestionnaires d'actifs,Capital Group,CapitalGroup
Gestionnaires d'actifs,BNY Mellon,BNYMellon
Gestionnaires d'actifs,Goldman Sachs Group,GoldmanSachs
Gestionnaires d'actifs,Amundi,Amundi_ENG
Gestionnaires d'actifs,Legal & General Group,landg_uk
Gestionnaires d'actifs,Prudential Financial ,Prudential
Gestionnaires d'actifs,UBS  ,UBS
Gestionnaires d'actifs,Franklin Templeton,FTI_Global
Gestionnaires d'actifs,Morgan Stanley,MorganStanley
Gestionnaires d'actifs,T. Rowe Price,TRowePrice
Gestionnaires d'actifs,Wells Fargo,WellsFargo
Gestionnaires d'actifs,Northern Trust,NorthernTrust
Gestionnaires d'actifs,Natixis Investment Managers,NatixisIM
Gestionnaires d'actifs,South Africa Old Mutual,OldMutualInsure
Gestionnaires d'actifs,South Africa Sanlam,SanlamGolf
Gestionnaires d'actifs,United States Ameriprise Financial,ameriprise
Gestionnaires d'actifs,Canada CI Financial,WisdomTreeCAN
Gestionnaires d'actifs,Canada Gluskin Sheff,GluskinSheffInc
Gestionnaires d'actifs,United States Northwestern Mutual,NM_Financial
Gestionnaires d'actifs,Canada Sun Life Financial,SunLifeCA
Gestionnaires d'actifs,France La Française Group,SFR
Dirigeants de banques et institutions,Christine Lagarde,Lagarde
Dirigeants de banques et institutions,Kristalina Georgieva,KGeorgieva
Spécialistes crypto,cz_binance,cz_binance
Spécialistes crypto,CoinMarketCap,CoinMarketCap
Spécialistes crypto,coinbase,coinbase
Spécialistes crypto,BinanceChain,_BSCNEWS
Spécialistes crypto,Income Sharks,IncomeSharks
Spécialistes crypto,Wu Blockchain,WuBlockchain
Spécialistes crypto,Notsofast,notsofast
Spécialistes crypto,Lex Moskovski,mskvsk
Spécialistes crypto,MattWallace888,MattWallace888
Crypto compagnies,Gemini,Gemini
Crypto compagnies,Cryptocom,cryptocom
Crypto compagnies,eToro,eToro
Crypto compagnies,Binance,binance
Crypto compagnies,Kraken,krakenfx
Crypto compagnies,BlockFi,BlockFi
Crypto compagnies,FTX us,ftx_us_derivs
Crypto compagnies,Robinhood,RobinhoodApp
Crypto compagnies,TradeStation,TradeStation
Crypto compagnies,Webull,WebullGlobal
Crypto compagnies,BTCTN,BTCTN
Crypto compagnies,CoinDesk,CoinDesk
Crypto compagnies,BitcoinMagazine,BitcoinMagazine
Crypto compagnies,krakenfx,krakenfx
Crypto compagnies,CoinbaseExch,CoinbaseExch
Crypto compagnies,BNBCHAIN,BNBCHAIN
Crypto compagnies,HuobiGlobal,HuobiGlobal
Crypto compagnies,okx,okx
Crypto compagnies,gate_io,gate_io
Crypto compagnies,TrustWallet,TrustWallet
Crypto compagnies,bitfinex,bitfinex
Crypto compagnies,coingecko,coingecko
Crypto compagnies,justinsuntron,justinsuntron
Crypto compagnies,Hotbit_news,Hotbit_news
Crypto compagnies,MEXC_Global,MEXC_Global
Crypto compagnies,Poloniex,Poloniex
Crypto compagnies,Bybit_Official,Bybit_Official
Crypto compagnies,Bitstamp,Bitstamp
Crypto compagnies,blockchain,blockchain
Crypto compagnies,trondao,trondao
Crypto compagnies,100trillionUSD,100trillionUSD
Crypto compagnies,dogecoin_devs,dogecoin_devs
Crypto compagnies,BillyM2k,BillyM2k
Crypto compagnies,safemoon,safemoon
Crypto compagnies,BabyDogeCoin,BabyDogeCoin
Crypto compagnies,DogecoinRise,DogecoinRise
Crypto compagnies,ShibainuCoin,ShibainuCoin
Crypto compagnies,DogecoinRide,DogecoinRide
Crypto compagnies,phantom,phantom
Crypto compagnies,RaydiumProtocol,RaydiumProtocol
Crypto compagnies,MetaMask,MetaMask
Crypto compagnies,aeyakovenko,aeyakovenko
Crypto compagnies,ProjectSerum,ProjectSerum
Crypto compagnies,SolanartNFT,SolanartNFT
Crypto compagnies,CashApp,CashApp
Crypto compagnies,dapperlabs,dapperlabs
Crypto compagnies,flow_blockchain,flow_blockchain
Coorporate,Tesla,Tesla
Coorporate,Paypal,PayPal
Coorporate,Visa,Visa
Coorporate,MasterCard,Mastercard
Coorporate,Lydia,LYDIAmusic
Coorporate,Revolut,RevolutApp
Coorporate,Apple,Apple
Coorporate,Google,Google
Coorporate,Microsoft,Microsoft
Coorporate,Alphabet,AlphabetWorkers
Coorporate,Alibaba,alibaba_cloud
Coorporate,Amazon,amazon
Coorporate,Shopify,Shopify
Coorporate,Nvidia,nvidia
Coorporate,TCS,TCS
Coorporate,Mcdonald,McDonalds
Coorporate,Novartis,Novartis
Coorporate,Coca Cola,CocaCola
Coorporate,Shell,Shell
Coorporate,Accenture,Accenture
Coorporate,Ledger,Ledger
Coorporate,Android,Android
Coorporate,TechCrunch,TechCrunch
Coorporate,TEDTalks,TEDTalks
Coorporate,Azure,Azure
Coorporate,SpaceX,SpaceX
Coorporate,NetflixFR,NetflixFR
Coorporate,Windows,Windows
Coorporate,PSG_inside,PSG_English
Coorporate,Honda,Honda
Coorporate,Epicor,Epicor
Coorporate,Randstad,Randstad
Coorporate,dazngroup,dazngroup
Coorporate,Square,Square
Sport,Secteur F1,Secteur_F1
Sport,CanalplusF1,CanalplusF1
Sport,PierreGASLY,PierreGASLY
Sport,Charles_Leclerc,Charles_Leclerc
Sport,GeorgeRussell63,GeorgeRussell63
Sport,OconEsteban,OconEsteban
Sport,lance_stroll,lance_stroll
Sport,Max33Verstappen,Max33Verstappen
Sport,LandoNorris,LandoNorris
Sport,Carlossainz55,Carlossainz55
Sport,alex_albon,alex_albon
Sport,AlphaTauriF1,AlphaTauriF1
Sport,ValtteriBottas,ValtteriBottas
Sport,F1,F1
Sport,yukitsunoda07,yukitsunoda07
Sport,Anto_Giovinazzi,Anto_Giovinazzi
Sport,redbullracing,redbullracing
Sport,danielricciardo,danielricciardo
Sport,AlpineF1Team,AlpineF1Team
Sport,AstonMartinF1,AstonMartinF1
Sport,alfaromeoorlen,alfaromeoorlen
Sport,WilliamsRacing,WilliamsRacing
Sport,ScuderiaFerrari,ScuderiaFerrari
Sport,McLarenF1,McLarenF1
Sport,MercedesAMGF1,MercedesAMGF1
Sport,SChecoPerez,SChecoPerez
Sport,Rgrosjean,RGrosjean
Sport,HaasF1Team,HaasF1Team
Sport,LewisHamilton,LewisHamilton
Sport,alo_oficial,alo_oficial
Sport,JeanEricVergne,JeanEricVergne
Sport,Odell Beckham Jr,obj
Sport,KrauseHouseDAO,KrauseHouseDAO
Sport,NFL,NFL
Sport,nflnetwork,nflnetwork
Sport,espn,espn
Sport,SportsCenter,SportsCenter
Sport,NBA,NBA
Sport,BleacherReport,BleacherReport
Sport,ESPNNFL,ESPNNFL
Sport,MLB,MLB
Sport,NFLonFOX,NFLonFOX
Sport,Patriots,Patriots
Sport,AaronRodgers12,AaronRodgers12
Sport,dallascowboys,dallascowboys
Sport,Eagles,Eagles
Sport,steelers,steelers
Sport,packers,packers
Cryptocurrencies,Bitcoin,Bitcoin
Cryptocurrencies,0xPolygon,0xPolygon
Cryptocurrencies,solana,solana
Cryptocurrencies,Uniswap,Uniswap
Cryptocurrencies,AaveAave,AaveAave
Cryptocurrencies,Polkadot,Polkadot
Cryptocurrencies,1inch,1inch
Cryptocurrencies,PancakeSwap,PancakeSwap
Cryptocurrencies,CurveFinance,CurveFinance
Cryptocurrencies,SushiSwap,SushiSwap
Cryptocurrencies,kucoincom,kucoincom
Cryptocurrencies,dogecoin,dogecoin
Cryptocurrencies,litecoin,litecoin
Cryptocurrencies,Ripple,Ripple
Cryptocurrencies,Cardano,Cardano
Cryptocurrencies,SatoshiLite,SatoshiLite
Cryptocurrencies,Shibtoken,Shibtoken
